Produto,Preco (£)
Dark Lover (Black Dagger Brotherhood #1),12.87
The Course of Love,16.78
Love Is a Mix Tape (Music #1),18.03
"Daring Greatly: How the Courage to Be Vulnerable Transforms the Way We Live, Love, Parent, and Lead",19.43
Redeeming Love,20.47
"Love, Lies and Spies",20.55
"Sit, Stay, Love",20.9
You Are What You Love: The Spiritual Power of Habit,21.87
In the Country We Love: My Family Divided,22.0
"Love That Boy: What Two Presidents, Eight Road Trips, and My Son Taught Me About a Parent's Expectations",25.06
Talking to Girls About Duran Duran: One Young Man's Quest for True Love and a Cooler Haircut,25.15
Best of My Love (Fool's Gold #20),27.41
"In the Garden of Beasts: Love, Terror, and an American Family in Hitler's Berlin",28.85
Looking for Lovely: Collecting the Moments that Matter,29.14
Twenty Love Poems and a Song of Despair,30.95
The Five Love Languages: How to Express Heartfelt Commitment to Your Mate,31.05
"Data, A Love Story: How I Gamed Online Dating to Meet My Match",32.35
Romero and Juliet: A Tragic Tale of Love and Zombies,36.94
The Love and Lemons Cookbook: An Apple-to-Zucchini Celebration of Impromptu Cooking,37.6
The Golden Condom: And Other Essays on Love Lost and Found,39.43
Without Borders (Wanderlove #1),45.07
For the Love: Fighting for Grace in a World of Impossible Standards,45.13
Lies and Other Acts of Love,45.14
Crazy Love: Overwhelmed by a Relentless God,47.72
"We Love You, Charlie Freeman",50.27
"Eat, Pray, Love",51.32
No Love Allowed (Dodge Cove #1),54.65
Suddenly in Love (Lake Haven #1),55.99
"A Series of Catastrophes and Miracles: A True Story of Love, Science, and Cancer",56.48
"The Disappearing Spoon: And Other True Tales of Madness, Love, and the History of the World from the Periodic Table of the Elements",57.35
I Had a Nice Time And Other Lies...: How to find love & sh*t like that,57.36
The Sound Of Love,57.84
The Lover's Dictionary,58.09
The Improbability of Love,59.45
